id,category,code,name,stock,value
1,WORKSHOP MATERIAL AND TOOLS,MWMT0033,180X3X22.23 CUTTING WHEEL,4,202.96
2,WORKSHOP MATERIAL AND TOOLS,MWMT0108,BLACK WELDING GOGGLES,24,731.46
3,WORKSHOP MATERIAL AND TOOLS,MWMT0029,CUTTING NOZZLE 1 16 A16,3,761.1
4,WORKSHOP MATERIAL AND TOOLS,MWMT0051,GRINDING WHEEL 180 MM DC A24 TB,6,0
5,WORKSHOP MATERIAL AND TOOLS,MWMT0061,HEAVY DUTY WELDING SHEILD,1,221.84
6,WORKSHOP MATERIAL AND TOOLS,MWMT0080,RACHEAT SPANNER,2,1416
7,WORKSHOP MATERIAL AND TOOLS,MWMT0090,RUBBER DIAPHRAGM WASHER,2,377.6
8,BEARING,MSTR09989,BEARING 22217 EK,4,52788.48
9,BEARING,MACON5127,BEARING 6012 2RS1,3,4602
10,BEARING,MSTR08205,BEARING 6014 LECITHIN,2,4996.12
11,BEARING,MBRG0165,BEARING 6202 2RS,4,472
12,BEARING,MBRG0145,BEARING 6304 2RS,4,802.4
13,BEARING,MBRG0104,BEARING BLOCK NO SN 509,2,1604.8
14,BEARING,MBRG0116,BEARING BLOCK NO SN 510,4,3000
15,BEARING,MBRG0126,BEARING BLOCK NO SN 512,3,4124.1
16,BEARING,MBRG0120,BEARING BLOCK NO SN 515,8,13394.31
17,BEARING,MBRG0121,BEARING BLOCK NO SN 522,6,31553.2
18,BEARING,MBRG0118,BEARING BLOCK NO SN 530,1,0
19,BEARING,MBRG0005,BEARING NO 1215 K,3,5416.2
20,BEARING,MBRG0112,BEARING NO 22212,5,24190
21,BEARING,MBRG0013,BEARING NO 22218,2,21004
22,BEARING,MBRG0015,BEARING NO 22222 K,6,129384.64
23,BEARING,MBRG0052,BEARING NO 6011 ZZ C3,2,0
24,BEARING,MBRG0056,BEARING NO 6205 ZZ C3,48,11857.37
25,BEARING,MBRG0059,BEARING NO 6207 ZZ C3,2,0
26,BEARING,MBRG0064,BEARING NO 6304,2,356.36
27,BEARING,MBRG0065,BEARING NO 6305 ZZ,4,0
28,BEARING,MBRG0066,BEARING NO 6306 ZZ,2,0
29,BEARING,MBRG0069,BEARING NO 6309  ZZ,4,0
30,BEARING,MBRG0075,BEARING NO 6319 C3,1,15493.4
31,BEARING,MBRG0090,BEARING NO UCF 205,8,7287.68
32,BEARING,MBRG0092,BEARING NO UCF 209,4,0
33,BEARING,MBRG0094,BEARING NO UCF 212,6,9982.8
34,BEARING,MBRG0024,BEARING NO:-23036CC,1,57938
35,BEARING,MSTR08821,BEARING ROLLER 22213 EK SELF ALIGNING,1,5133
36,BEARING,MSTR08823,BEARING ROLLER 22215 EK SELF ALIGNING,1,7080
37,BEARING,MSTR08704,BEARING ROLLER 22220 EK SELF ALIGNING,2,0
38,BEARING,MBRG0158,BEARING UCF 207,7,7493
39,BEARING,MSTR05798,OIL SEAL 120 X  160 X  13 MM,12,1644.74
40,BEARING,MSTR05884,OIL SEAL 200 X  230 X  15 MM,2,2832
41,BEARING,MSTR04996,OIL SEAL 24 X  40 X  10 MM,3,0
42,BEARING,MSTR05228,OIL SEAL 35 X  52 X  7 MM,22,0
43,BEARING,MSTR05640,OIL SEAL 70 X  110 X  10 MM,10,7375
44,BEARING,MSTR08805,SELF ALIGNING ROLLER BEARING 22209 E,2,6844
45,CONTROL SYSTEMS,ECTR0047,DIGITAL WEIGHING SCALE 150 KG,1,4720
46,CONTROL SYSTEMS,ECTR0032,LOAD CELL BEAM TYPE BS 750 KG,4,21240
47,CONTROL SYSTEMS,ECTR0002,TEMPERATURE CONTROLLER 0 TO 400,1,1651.25
48,CONTROL SYSTEMS,ECTR0010,TIMER 230V,1,1829
49,STICHING M/C SPARES,ESTC0081,FEED DOG REVO STICHING MACHINE,6,2365.44
50,STICHING M/C SPARES,ESTC0062,LOOPER REVO,16,4748.8
51,STICHING M/C SPARES,MSTR01103,REVO MAKE DA-D MODEL DOUBLE STITCHING HIGH SPEED MACHINE,1,6776
52,STICHING M/C SPARES,ESTC0024,SCREW LOOPER SET,16,387.08
53,CONSUMABLES,PAK000080,GLOVES,102,2575.22
54,CONSUMABLES,PAK050273,METALLIC GRAPHITE PACKING ROPE 6 MM,1,0
55,CONSUMABLES,MSTR01319,YARN 3/10 S CONE P.P BAG CLOSING WEIGHT 2 KG CONE/11500 MTR WHITE COLOUR 100% POLYESTER THREAD CONE,185,65059.71
56,WASHER,MWAS0005,LOCK WASHER KM 20,5,0
57,RELAY CONTACT AND MCB,ERCM0049,MAIN CONDUCT KIT-3TF 56,1,20473
58,RELAY CONTACT AND MCB,ERCM0050,MAIN CONDUCT KIT-3TF54,2,26963
59,RELAY CONTACT AND MCB,ERCM0090,MN12 THERMAL OVERLOAD RELAY -L&T MAKE,1,13570
60,RELAY CONTACT AND MCB,ERCM0001,OVERLOAD RELAY  MN2  4.5 TO 7.5 A,1,826
61,RELAY CONTACT AND MCB,ERCM0097,OVERLOAD RELAY MN2 9 TO 15 A,3,3472.74
62,RELAY CONTACT AND MCB,MSTR03085,POWER CONTACTOR 3TF 55IE - AC 300A COIL 230V AC WITH 2 NO+2 NCF SIEMENS,2,53111.8
63,RELAY CONTACT AND MCB,MSTR03086,POWER CONTACTOR 3TF 56IE AC1 400AIE AC 3 400A COIL 230V AC WITH 2 NO+2 NC SIEMENS,2,69620
64,ROOFING,MROF0001,TAR SHEET 1 MTR * 20 MTR,0.5,796.5
65,ACCESSORIES,MSTR02629,1 INCH DUPLEX CHAIN,3,4971.93
66,ACCESSORIES,MSTR04076,1 INCH GLAND,21,495.6
67,ACCESSORIES,MSTR01361,1/32 CUTTING NOZZLE,4,604.16
68,ACCESSORIES,MHACC0904,1/4 INCH FILTER REGULATOR GUAGE,4,3305.9
69,ACCESSORIES,MSTR11015,2 INCH STEAM VALVE,1,4602
70,ACCESSORIES,MSTR02219,2 T ENGINE OIL,17,4880.19
71,ACCESSORIES,MSTR07358,2.8 MM DIE PUNCH,48,2784.17
72,ACCESSORIES,MACON01835,3 HP MONOBLOCK PUMP,1,16550.01
73,ACCESSORIES,MSTR01345,3.15 MS WELDING ROD,4,1432.09
74,ACCESSORIES,MSTR10730,"4959089 - GASKET,RKR LEVER HOUSING",1,507.77
75,ACCESSORIES,MHACC1769,505 X 950 HAMMER MILL SIEVE -10 MM,2,6254
76,ACCESSORIES,MSTR12188,600 X10 CONVEYOR BELT,2,65600.05
77,ACCESSORIES,MSTR02825,ADAPTER SLEEVE H 320,1,0
78,ACCESSORIES,MSTR07043,AIR CYLINDER,9,7132.21
79,ACCESSORIES,MSTR01336,ANABOND NO 666 100 GMS,5,767
80,ACCESSORIES,MSTR02220,ANABOND RUST PENETRANT VI 420 ML,28,7151.15
81,ACCESSORIES,MSTR02803,BEARING 22210 CK,2,8732
82,ACCESSORIES,MSTR01681,BEARING 22211 EK,2,11736.28
83,ACCESSORIES,MACON01459,BEARING 6201 ZZ,10,900.34
84,ACCESSORIES,MSTR07285,BEARING 6208 ZZ C3,5,2360
85,ACCESSORIES,MSTR07289,BEARING 6311 ZZ C3,2,3216.68
86,ACCESSORIES,MSTR04241,BEARING 6316 C3,1,7658.2
87,ACCESSORIES,MSTR02770,BEARING BLOCK SN 513,1,1545.8
88,ACCESSORIES,MHACC0657,BEARING BLOCK SN 518,1,3481
89,ACCESSORIES,MACON01280,BEARING NO 6202 ZZ,1,108.56
90,ACCESSORIES,MACON11001,BEARING NO NJ 208,4,15764.8
91,ACCESSORIES,MACON0699,BEARING SLEEVE 2312 AH,5,0
92,ACCESSORIES,MACON01466,BEARING SLEEVE H317,6,5883.48
93,ACCESSORIES,MACON0188,BEARING SPHERICAL 22230 CCK/W33,2,0
94,ACCESSORIES,MACON01481,BEARING UCF 206,4,2832
95,ACCESSORIES,MSTR04522,BEARING UCF 211,2,0
96,ACCESSORIES,MACON01650,BLUE BELL WHITE PAINT,2,1620
97,ACCESSORIES,MSTR01334,BOILER TUBE CLEANING BRUSH 1.50 INCH,3,134.52
98,ACCESSORIES,MSTR01331,BOILER TUBE CLEANING BRUSH 2.0INCH,23,1253.8
99,ACCESSORIES,MHACC3099,CABLE - INTERCONNECT EV2 HEAD,1,1032.5
100,ACCESSORIES,MHACC0939,COOLENT,5,514.33
101,ACCESSORIES,MSTR01695,COTTER PIN 6 * 1.5 MM SS 316,200,405.13
102,ACCESSORIES,MHACC0891,CUTTING KNIFE (NT520W),5,4467.14
103,ACCESSORIES,MSTR01362,CUTTING NOZZLE B 3 / 64,5,857.86
104,ACCESSORIES,MACC0107,CUTTING WHEEL,100,2330.7
105,ACCESSORIES,MHACC3180,DIE - 3.5X42X52 FOR 520/178 PELLET MILL STRAIGHT COLLAR RATIO - 12: 1,1,116480
106,ACCESSORIES,MSTR01797,DUPLEX SPROCKET,11,41322.58
107,ACCESSORIES,MSTR01400,EMERGENCY STOP PUSH BUTTON LOCKABLE WITH KEY TEKNIC,3,796.5
108,ACCESSORIES,MSTR01327,F 140 TYRE COUPLING,1,17531.25
109,ACCESSORIES,MSTR01325,F 70 TYRE COUPLING,3,12913.23
110,ACCESSORIES,MSTR01781,FEELER GAUGE,10,10266
111,ACCESSORIES,MSTR01444,FEVICOL SR 998 ONE LTR,2,892.08
112,ACCESSORIES,MSTR04355,FIRE BARS,30,42480
113,ACCESSORIES,MSTR04356,FIRE DOOR,1,4130
114,ACCESSORIES,MSTR11109,FLASH BACK ARRESTOR,8,16048
115,ACCESSORIES,MHACC0683,FLEXIBLE METALIC CONDUIT HOSE 25 MM,20,1534
116,ACCESSORIES,MHACC1181,FLOAT BALL(120071),1,2183
117,ACCESSORIES,MEACC115,GASKET CAM FOL HOUSING P N 3040721,5,1074.4
118,ACCESSORIES,MSTR11469,GASKET SHEET METALLIC 5 MM STYLE 54 CHAMPION,1,26432
119,ACCESSORIES,MSTR02267,GREASE GADUS S2 V220 2 SHELL,139,61066.95
120,ACCESSORIES,MHACC1770,HAMMER MILL SIEVE DIA 8 MM SIZE 505 MMx950 MM-10G,2,6254
121,ACCESSORIES,MSTR10829,HAND GLOVES 18 RUBBER,1,885
122,ACCESSORIES,MSTR06971,HEX BOLT M10 * 100 MM,45,1400.56
123,ACCESSORIES,MSTR03980,HIGH LEVEL SENSOR,2,25676.8
124,ACCESSORIES,MHACC0648,HT BOLT NUT M22 X150,8,554.45
125,ACCESSORIES,MSTR07248,INDUCTIVE SENSOR,10,6490
126,ACCESSORIES,MSTR01445,INSULATION TAPE ROLL RED YELLOW BLACK BLUE,79,861.89
127,ACCESSORIES,MSTR02226,INTERNAL CIRCLIP 180 MM,6,3019.18
128,ACCESSORIES,MSTR10456,JANATICS HOSE  10 MM,10,726.88
129,ACCESSORIES,MSTR07044,LIMIT SWITCH,3,4090.95
130,ACCESSORIES,MSTR04010,LOAD CELL 100KG CAPACITY SKSB 100KG SENSOMATIC,3,15930
131,ACCESSORIES,MSTR02191,M 10 PLATE WASHER,80,2010.16
132,ACCESSORIES,MSTR02213,M 14 X 50 HEX BOLT FULL THREAD,56,968.77
133,ACCESSORIES,MSTR01977,M16 NUT,9,94.98
134,ACCESSORIES,MSTR01930,M20 NUT,5,123.07
135,ACCESSORIES,MSTR01929,M20 PLATE WASHER,79,242.14
136,ACCESSORIES,MHACC0499,MAXGREEN  3002,140,48278.05
137,ACCESSORIES,MSTR02269,MAXGREEN 3100 L,140,19362.82
138,ACCESSORIES,MSTR02271,MAXGREEN 3222,140,29353.11
139,ACCESSORIES,MSTR01971,MOVING CUTTER 90821,4,1303.68
140,ACCESSORIES,MSTR01587,MULTI PURPOSE SCREWDRIVER SET,2,363.44
141,ACCESSORIES,MSTR01437,NC ELEMENT TYPE S2 TEKNIC,10,457.7
142,ACCESSORIES,MSTR01438,NO ELEMENT TYPE S1 TEKNIC,8,381.3
143,ACCESSORIES,MSTR01399,OFF PUSH BUTTON TEKNIC,13,536.9
144,ACCESSORIES,MACON01275,OIL SEAL-65X90X10,3,0
145,ACCESSORIES,MSTR01398,ON PUSH BUTTON TEKNIC,5,272.62
146,ACCESSORIES,MHACC1731,PELLET KNIFE ASSEMBLY,2,77280
147,ACCESSORIES,MSTR01978,PLAIN WASHER,8,14.16
148,ACCESSORIES,MSTR02070,PLUMBER BLOCK SNL 524-620,1,0
149,ACCESSORIES,MSTR01301,PLUMMER BLOCK SN511,2,2124
150,ACCESSORIES,MSTR01302,PLUMMER BLOCK SN517,8,19781.52
151,ACCESSORIES,MSTR01320,PP BAG CLOSING YARN 3/10S CONE WEIGHT 350 GMS / 2000 MTR (WHITE COLOUR 100% POLYESTER) PP YARN,2,123.2
152,ACCESSORIES,MSTR01374,PU HOSE OD 8 MM ID 6 MM BLUE,16,579.74
153,ACCESSORIES,MEACC308,ROBIN BLUE,13,1989
154,ACCESSORIES,MSTR01654,SILICON GEL,4,769.47
155,ACCESSORIES,MACON01374,SIMPLEX CHAIN LINK FULL 5/8 INCH P,6,171.34
156,ACCESSORIES,MACON01375,SIMPLEX CHAIN LINK HALF 5/8 INCH P,6,233.64
157,ACCESSORIES,MSTR10942,SINGLE CHANGE OVER RELAY CARD 8 CHANNEL 24 V DC BRISK PLUG IN YPE RELAY OMRON MAKE,1,383.5
158,ACCESSORIES,MSTR04096,SINGLE PHASE PREVENTER WITH AUTO SWITCH,4,2694.03
159,ACCESSORIES,MACON01465,SLEEVE H 312,2,233.64
160,ACCESSORIES,MACON01462,SLEEVE H 3124,2,0
161,ACCESSORIES,MSTR04042,SOLENOID VALVE MODEL DS255 SR61 24 VDC JANATICS,10,0
162,ACCESSORIES,MSTR01346,SS WELDING ROD 3.2 MM SS 304 GRADE,3,2708.1
163,ACCESSORIES,MSTR02480,SS WIRE MESH 1.1 MM,20,3068
164,ACCESSORIES,MSTR01840,TARPAULIN 16 X 16 MTR,1,30208
165,ACCESSORIES,MSTR07236,TERMINAL BLOCK FOR 1 LA 357-4YB80 FRAME SIZE-355 SIEMENS,2,17700
166,ACCESSORIES,MSTR11714,"THREAD CUTTER MOVING SHAFT, S NO : 69 ,PART CODE  RC : 569, MAKE : REVO",10,3460.8
167,ACCESSORIES,MHACC0395,V BELT PULLEY 3 GROOVE x B SECTION x 6 INCH BOSS TAPPER LOCK,1,3004.19
168,ACCESSORIES,MSTR03771,WELDING APRON,2,342.2
169,ACCESSORIES,MSTR04487,WELDING HOLDER,1,194.7
170,ACCESSORIES,MSTR12028,XPB-3350 BELT (CONDITIONAR),2,0
171,CHAIN AND CHAIN LINKS,MCSP0014,1 INCH DUPLEX HALF CHAIN LINK,7,1830.83
172,CHAIN AND CHAIN LINKS,MCSP0019,1 X 18 T DUPLEX SPKT,1,5049.22
173,CHAIN AND CHAIN LINKS,MCSP0087,1.25 INCH SIMPLEX CHAIN,15.25,0
174,CHAIN AND CHAIN LINKS,MCSP0027,1X21 T DUPLEX SPKT,3,7210.98
175,CHAIN AND CHAIN LINKS,MCSP0010,5/8 INCH DUPLEX CHAIN LINK,9,339.84
176,CHAIN AND CHAIN LINKS,MCSP0015,5/8 INCH DUPLEX HALF CHAIN LINK,10,895.4
177,CHAIN AND CHAIN LINKS,MSTR13325,5/8 X 24 T DUPLEX SPKT,1,1215.4
178,CHAIN AND CHAIN LINKS,MCSP0068,5/8 X 26 T SIMPLEX SPKT,1,1604.8
179,CHAIN AND CHAIN LINKS,MCSP0007,DUPLEX CHAIN LINK 1.25 INCH,18,2538.88
180,CHAIN AND CHAIN LINKS,MCSP0028,DUPLEX SPROCKET 1 * 24T,2,5494.08
181,CHAIN AND CHAIN LINKS,MCSP0025,DUPLEX SPROCKET 1 INCH * 16T,4,9424.27
182,CHAIN AND CHAIN LINKS,MCSP0039,DUPLEX SPROCKET 5/8 INCH X 22T,1,0
183,CHAIN AND CHAIN LINKS,MCSP0051,SIMPLEX HALF TYPE CHAIN LINK 1 INCH,11,882.64
184,CHAIN AND CHAIN LINKS,MCSP0067,SIMPLEX SPROCKET 5/8 INCH X 16T,1,660.8
185,BUHLER SPARES,MBUH0081,BH SELF ALIGNING ROLLER BEARING 22224 E,2,0
186,BUHLER SPARES,MBUH0084,SHEAR PIN,10,13440
187,PIPE AND FITTING,MPNF0015,GI ELBOW 2 INCH,1,146.32
188,PIPE AND FITTING,MPNF0292,MS HEX NIPPLE 11/2 INCH,1,129.8
189,DRIVE BELTS,EBLT0031,V BELT A 75,5,1147.56
190,DRIVE BELTS,EBLT0026,V BELT B 2150,9,5343.98
191,DRIVE BELTS,EBLT0072,V BELT B 91,1,462.65
192,DRIVE BELTS,EBLT0027,V BELT C 4750,29,60320.82
193,DRIVE BELTS,EBLT0023,VEE BELT A 1700,38,0
194,DRIVE BELTS,EBLT0005,VEE BELT A 38,2,238.57
195,PIPE,MSTR09204,"100MM DIA, 6 FEET LENGTH CI EARTHING PIPE",6,21240
196,ACCESSORIES,ELACC0030,"25 KVAR POWER CAPACITOR( 440 V, 50 HZ,32.8 AMP",2,35695
197,ACCESSORIES,EACC0178,5A 3PIN  SOCKET,20,542.8
198,ACCESSORIES,EACC0075,ACTUVATOR  ELEMENT,1,8531.4
199,ACCESSORIES,EACC0183,ALUMINIUM CABLE SOCKET 25 SQMM  PIN TYPE,100,295
200,ACCESSORIES,EACC0086,ALUMINIUM CABLE SOCKET 95 SQMM,40,632.62
201,ACCESSORIES,EACC0266,BATTERY 12 V,1,26810.88
202,ACCESSORIES,ELCON0239,BEARING COVER F516A,1,0
203,ACCESSORIES,EACC0351,CABLE TIE,10,472
204,ACCESSORIES,EACC0094,CABLE TRAY 300MM,10,7375
205,ACCESSORIES,MSTR12456,CAPACITY TYPE SENSOR 30 MM DIA 24 V DC,2,1534
206,ACCESSORIES,EACC0310,CEILING ROSE ANCHOR,147,0
207,ACCESSORIES,EACC0116,CONDUIT CLAMP 1.0 INCH,2200,0
208,ACCESSORIES,EACC0185,COPPER CABLE SOCKET 50 SQMM,6,56.5
209,ACCESSORIES,EACC0107,COPPER WIRE 18G,87,119598.9
210,ACCESSORIES,EACC0096,COPPER WIRE TINNED 18 SWG,51.48,51026.98
211,ACCESSORIES,MSTR01233,CURRENT TRANSFORMER RATIO 200/5 A,2,731.6
212,ACCESSORIES,EACC0202,FOOT SWITCH,1,6320.16
213,ACCESSORIES,EACC0010,HYLAM  SHEET,1,3186
214,ACCESSORIES,PRJMHC0263,INDUSTRIAL EXHAUST FAN 9 INCH,2,3768.58
215,ACCESSORIES,EACC0112,LIGHTING ARRESTER 22KV,1,33006.96
216,ACCESSORIES,MSTR11179,LOADCELL MTB 100 KG 3 MM PART CODE 71201558 METLER TOLEDO,4,0
217,ACCESSORIES,MSTR11178,LOADCELL TSC 100 KG 5 MM PART CODE 71201745 METLER TOLEDO,4,0
218,ACCESSORIES,EACON1129,MS PIPE B CLASS  2 INCH,12,3186
219,ACCESSORIES,EACC0243,NEEDLE BAR,8,193.54
220,ACCESSORIES,EACC0451,PIN TYPE INDICATION LAMP 230 VOLTS FOR TEKNIC PANEL LAMP,37,6621.06
221,ACCESSORIES,EACON0743,POWER CONTACTOR 3TF 32,3,8814.6
222,ACCESSORIES,EACON7038,POWER CONTACTOR 3TF 33,1,1268.5
223,ACCESSORIES,EACON1001,PU ONE TOUCH FITTINGS MALE CONNECTOR OD 10MM,24,2105.6
224,ACCESSORIES,EACON0980,PU ONE TOUCH FITTINGS STRAIGHT UNION OD 10MM,23,1407.21
225,ACCESSORIES,EACC0020,REMOTE BOX WITH PUSH BUTTON,8,4908.8
226,ACCESSORIES,EACON0909,SEAL KIT FOR PNEUMATIC CYLINDER FOR 4 X 9,2,1416
227,ACCESSORIES,EACC0255,SOLENOID VALVE,7,13909
228,ACCESSORIES,EACC0259,SOLID STATE BUZZER HOOTER,1,1118.64
229,ACCESSORIES,ELACC0036,SOLVENT CARTRIDGE 50320047,6,38586
230,ACCESSORIES,EACC0045,SON 250 W BALLAST,6,0
231,ACCESSORIES,EACC0430,SPEED SWITCH SENSOR,8,0
232,ACCESSORIES,ELACC0068,STREET LIGHT LED 72 WATT,3,12888
233,ACCESSORIES,EACC0289,SWITCH 5A 1 WAY,20,283.2
234,ACCESSORIES,EACON7030,SWITCH UNIT FOR 400A TPN FUSE,7,5746.6
235,ACCESSORIES,EACC0232,SWITCH WITH BOX 16A FORWARD & REVERSED,1,442.5
236,ACCESSORIES,MSTR08254,TMC CPU MAIN CARD TMC 02 00 05 99,1,0
237,ACCESSORIES,EACC0181,TOP 3 PIN 6A,20,991.2
238,ACCESSORIES,EACC0432,VIBRATING FORK SENSOR,5,44250
239,BOILER PIPE,MBRP0013,"300MM DIA, 5MM THICK MS PIPE",12.1,41525.18
240,PAINT,MPNT0010,BLACK PAINT,12,10393.44
241,PAINT,MPNT0016,HEAT RESISTANT ALUMINIUM PAINT - UPTO 200 DEGREE C,40,12282.89
242,PAINT,MSTR10068,PO RED PAINT,1,214
243,PAINT,MSTR13237,PRIMER,1,3437.34
244,MOTOR,EMSP0003,GEAR BOX ELECON,3,136910.66
245,MOTOR,EMSP0022,MOTOR 1.5 HP,2,82600
246,SCREWS,MSCR0003,GRUB SCREW M6 * 10,46,161.75
247,SIEVE,MSTR01462,"MS SIEVE 4MM DIA HOLE 3.15MMTHICK, SIZE : 1720MM X 545MM PERFORATION RADIUS BENDING TEMPERING 1120MM BEND (47%OPENING)",2,6605.64
248,SIEVE,MSIE0016,SIEVE  6MM,1,0
249,CABLE AND WIRE,ECBL0005,2 CORE X 2.5SQMM UR AR. COPPER CABLE,100,8968
250,CABLE AND WIRE,EACONS034,4 CORE X 16 SQMM UG. AR. COPPER CABLE,40,28225.6
251,CABLE AND WIRE,ECBL0010,CABLE FLEXIBLE 3 CORE 1.5 SQ MM,50,2861.5
252,CABLE AND WIRE,ECBL0047,WIRE COIL,100,253464
253,CONSUMABLES,MHCON0724,520X178 -3X45X45 THROUGHPUT PELLET DIE,1,134400
254,CONSUMABLES,MHCON0306,520X178/222 - 4.0MM THROUGHPUT PELLET DIE 1.13,1,125580
255,CONSUMABLES,MHCON0453,ALLEN BOLT M20x120MM,56,6512.95
256,CONSUMABLES,MHCON0460,ALLEN BOLT M20x65,32,2214.17
257,CONSUMABLES,MHCON0521,ALLEN SCREW M16x75,121,5358.11
258,CONSUMABLES,MCON0009,ASBESTOS FLAT ROPE-12MMX5MM THICK,5,1050
259,CONSUMABLES,MCON0014,ASBESTOS PACKING ROPE 6MM,14.8,3599.48
260,CONSUMABLES,MACON0878,BALL BEARING  6204 2Z,5,781.75
261,CONSUMABLES,MC0N0185,BANIYAN WASTE,92.5,3726
262,CONSUMABLES,MACON1409,BEARING 22212,5,37693.13
263,CONSUMABLES,MACON1412,BEARING 22216,6,69124.4
264,CONSUMABLES,MACON1406,BEARING 2306,3,14868
265,CONSUMABLES,MSTR09993,BEARING 6211 C3 2RS 2Z,2,1512.76
266,CONSUMABLES,MCON0463,BEARING 6305 SKF,4,873.2
267,CONSUMABLES,MACON1423,BEARING UCF 216 D1 UNIT NTN,2,6608
268,CONSUMABLES,MHCON0854,BEARING UK 215 WITH ADAPTER SLEEVE - NTN,1,236
269,CONSUMABLES,MHCON0108,BOLT & NUT M10X65 HEX WITH DOUBLE WASHER,1000,944
270,CONSUMABLES,MHCON0105,BUFFING WHEEL AG4,21,916.86
271,CONSUMABLES,MHCON0698,CONDITIONER PADDLE M30X140/210,14,0
272,CONSUMABLES,MSTR12080,CONTACTOR MNX 32 L&T,2,4130
273,CONSUMABLES,MCON0129,COUPLING FOR TYRE F140 FENNER,3,10739.47
274,CONSUMABLES,MACON1366,COUPLING FOR TYRE F50,1,0
275,CONSUMABLES,MCON0133,COUPLING TYRE F80 FENNER,1,1264.82
276,CONSUMABLES,EACON0397,CUTTING PLIER MAKE TAPPERIA MEDIUM,4,1156.4
277,CONSUMABLES,MHCON0285,CUTTING WHEEL AG5,31,804.76
278,CONSUMABLES,MHCON0373,DISC 25MM TYPE NRV,3,34249.5
279,CONSUMABLES,MACON0823,DUPLEX CHAIN LINK FULL 1 INCH P,2,355.65
280,CONSUMABLES,MACON0827,DUPLEX CHAIN LINK FULL 3/4 INCH P,6,282
281,CONSUMABLES,MACON0833,DUPLEX CHAIN LINK HALF 1/2 INCH P,14,1090.32
282,CONSUMABLES,MACON0829,DUPLEX CHAIN LINK HALF 3/4 INCH P,9,729
283,CONSUMABLES,MACON0821,DUPLEX ROLLER CHAIN  1 INCH P,3.05,7077.51
284,CONSUMABLES,MACON0817,DUPLEX ROLLER CHAIN  3/4 INCH P,9.15,8692.5
285,CONSUMABLES,MCON0081,ELEVATOR BELT - 10 INCH,55,66000
286,CONSUMABLES,MACON1476,ELEVATOR BUCKET  BOLT 8 * 32,1400,3407.25
287,CONSUMABLES,MACON1474,ELEVATOR BUCKET 12 INCH,36,7044.48
288,CONSUMABLES,MACON1477,ELEVATOR BUCKET BOLT 8 * 40,100,2124
289,CONSUMABLES,MCON0040,EMERY SHEET FINE,10,236
290,CONSUMABLES,MSTR10086,ENERGY METER MODEL NO EM 6400 SCHNEIDER,3,29379.16
291,CONSUMABLES,MSTR10087,ENERGY METER MODEL NO EM 6433 SCHNEIDER,1,9793.06
292,CONSUMABLES,MCON0032,EPE SHEET,1.25,1548.75
293,CONSUMABLES,MHCON0730,FRONT WEAR RING FWR TAPPER MODEL 580/197 - HARD CASE,1,28560
294,CONSUMABLES,MCON0054,FUSIBLE PLUG 0.75 INCH,1,840
295,CONSUMABLES,MACON1370,GAS CUTTING TORCH,1,2808.4
296,CONSUMABLES,MHCON0629,GRINDING WHEEL AG 5 - JOHNBANDARI,39,1794.78
297,CONSUMABLES,MACON0843,GUM BOOT SHOE,3,1149.76
298,CONSUMABLES,MSTR10304,HAMMER MILL VEE BELT SPC 3350,15,21575.72
299,CONSUMABLES,MSTR09969,HBC FUSE LINK 63 A MODEL 3NWTIA20 SEIMENS,6,0
300,CONSUMABLES,MACON1269,HEX BOLT   M10 X 25 MM,400,1635.01
301,CONSUMABLES,MACON1280,HEX BOLT   M16 X 50 MM,137,3761.62
302,CONSUMABLES,MACON1325,HEX BOLT   M6 X 50 MM,512,2218.4
303,CONSUMABLES,MACON1270,HEX BOLT  M10 * 30 MM,244,33110.8
304,CONSUMABLES,MACON1271,HEX BOLT  M10 * 40 MM,18,153.99
305,CONSUMABLES,MACON1272,HEX BOLT  M10 * 50 MM,4,63.72
306,CONSUMABLES,MSTR12090,HRC FUSE BUS BAR LINE TYPE 3NE4 337-6-710A,6,29665.2
307,CONSUMABLES,MACON1635,HT BOLT ALLEN SCREW 16 * 50,14,421.59
308,CONSUMABLES,MSTR10802,INSTRUMENT COOLING FAN  6 INCH  REC 22038 A2V 220 ACMAKE :REXNORD,5,16956.6
309,CONSUMABLES,MC0N0184,LEATHER GLOVES 18 INCH SET,10,709.97
310,CONSUMABLES,MHCON0473,LOCK NUT,68,292.08
311,CONSUMABLES,MHCON0474,LOCK NUT FOR PELLET T SHAFT 520/178,1,0
312,CONSUMABLES,MHCON0868,LUBE FILLTER LF777,1,285.83
313,CONSUMABLES,MHCON0869,LUBE FILTTER 3889310,2,5066.02
314,CONSUMABLES,MACON0808,MEASURING TAPE 5 MTR,4,632.48
315,CONSUMABLES,MSTR12076,MPCB 45 TO 65A 1NO 1NC SIEMENS,1,13324.27
316,CONSUMABLES,MHCON0516,MS 11 INCH OD DUMMY FLANGE,4,0
317,CONSUMABLES,MHCON0514,MS 3.5 INCH FLANGE,1,0
318,CONSUMABLES,MHCON0513,MS 5.5 INCH FLANGE,3,0
319,CONSUMABLES,MHCON0510,MS DUMMY FLANGE 7 INCH,2,0
320,CONSUMABLES,MHCON0518,MS FLANGE 8.75 INCH ID,1,0
321,CONSUMABLES,MHCON0640,MS SHEET 18G 8x4 - 1 NOS,152,13529.12
322,CONSUMABLES,MACON1556,NICKLE GRAY PAINT ( QTY IN LTRS ),10,2596
323,CONSUMABLES,MCON0084,NYLON  SHEET 8 * 4,4,21004
324,CONSUMABLES,MCON0086,NYLON WHEEL,22,14278
325,CONSUMABLES,MACON01044,OIL SEAL 30 X 47 X 7,10,236
326,CONSUMABLES,MACON01038,OIL SEAL 40 X 52 X 7,6,0
327,CONSUMABLES,MACON01071,OIL SEAL 45 - 65 - 8,13,0
328,CONSUMABLES,MHCON0490,PB 450 PIN BUSH COUPLING FLANGE,1,0
329,CONSUMABLES,MACON1707,PIN BUSH COUPLING,6,18643.1
330,CONSUMABLES,MHCON0486,PIN BUSH COUPLING FLANGE PB 250,1,6770.05
331,CONSUMABLES,MHCON0482,PIN BUSH RUBBER SPARE PB-160 TO PB-200,122,13591.7
332,CONSUMABLES,MHCON0483,PIN BUSH SPARE PB 300 & PB350,31,0
333,CONSUMABLES,MHCON0485,PIN BUSH SPARE PB210-300,11,0
334,CONSUMABLES,MHCON0484,PIN BUSH SPARE PB250-300,22,0
335,CONSUMABLES,MHCON0567,PIN-BUSH RUBBER SPARE FOR PB,15,0
336,CONSUMABLES,MHCON0726,PRESS ROLL COLLAR RK 314 SHELL,10,8008
337,CONSUMABLES,MHCON0727,PRESS ROLL COVER RK 314 SHELL,10,8008
338,CONSUMABLES,MHCON0891,PRESS ROLL INNER COVER,7,28392
339,CONSUMABLES,MHCON0892,PRESS ROLL OUTER COVER,5,42140
340,CONSUMABLES,MHCON0307,PRESS ROLL STRAIGHT  DIMPLE 52-178/222 RK 314 D CR,4,44746.69
341,CONSUMABLES,MCON0110,REDLER TYPE-DRAG CHAIN CONVEYOR-MTR(O),70,202370
342,CONSUMABLES,MSTR07863,RUBBER PACKING SHEET 6MM,19,4484
343,CONSUMABLES,MSTR10297,SEIVE 3.5 MM 36 * 30 * 7 MM HOLE,2,6608
344,CONSUMABLES,MSTR09825,SEQUENTIAL TIMER 0-8 RELAY 230V AC,3,13275
345,CONSUMABLES,MHCON0300,SHIFTER SIEVE MODEL NO H 2100,87,19765
346,CONSUMABLES,MSTR12083,SIEMENS STAR - DELTA TIMMER,4,6372
347,CONSUMABLES,MACON0825,SIMPLEX CHAIN LINK HALF 1 INCH P,18.05,3399.27
348,CONSUMABLES,MACON0832,SIMPLEX CHAIN LINK HALF 1/2 INCH P,12,410.64
349,CONSUMABLES,MCON0401,SS SHEET,149.5,46671.44
350,CONSUMABLES,MHCON0502,TAPPER LOCK PULLEY 4 GROW,2,0
351,CONSUMABLES,MHCON0504,TAPPER LOCK PULLEY 5.5 INCH DIA 3 GROW,7,0
352,CONSUMABLES,MHCON0503,TAPPER LOCK PULLEY A TYPE 3 GROW,5,0
353,CONSUMABLES,MACON1110,THINNER,8,1198.88
354,CONSUMABLES,MHCON0413,TYRE TUBE 3.50x8 HEAVY DUTY DISC SET,2,4900.01
355,CONSUMABLES,MSTR07838,WATER FLOW METER 1 INCH,3,23375.8
356,CONSUMABLES,MCON0138,WELDING GLASS BLACK COLOUR,8,161.16
357,CONSUMABLES,MACON01772,WHITE GOGGES,7,553.42
358,CONSUMABLES,MHCON0145,WIND SOCK CLOTH,1,525
359,HARDCASE SPARES,MHCS0013,HC HAMMER MILL HOLDING RODS,100,18266.4
360,HARDCASE SPARES,MHCS0022,HC PELLET COOLER BLOWER IMPELLER,1,38232
361,HARDCASE SPARES,MHCS0034,HC SCREEN REST BOTTOM,2,0
362,HARDCASE SPARES,MHCS0012,HC-FRONT SCRAPPER,4,15993.6
363,HARDCASE SPARES,MHCS0016,HC-INNER SPACER OF ROLL ASSEMBLY,5,0
364,HARDCASE SPARES,MHCS0019,HC-MALE AND FEMALE SLEEVES,3,0
365,HARDCASE SPARES,MHCS0028,HC-RETAINER,30,0
366,HARDCASE SPARES,MHCS0029,HC-RETAINER OF ROLL ASSEMBLY,6,0
367,SPARES,ME020328,"PLATE, CRANKSHAFT",2,0
368,SPARES,MSTR13394,WATER PUMP,3,38744.8
369,SPARES,MSTR11854,WATER LEVEL INDICATOR SET (18 INCHES)  - MAYIL PIPE,1,0
370,FUSES,EFUS0009,63 AMPS KIT-KAT FUSE CARRIER,42,13007.92
371,METERS,EMET0014,ANALOG MULITIMETER,2,6419.2
372,METERS,EMET0008,REGULATOR CONTROL,1,3186
373,TRANSFORMER,MSTR03532,"CURRENT TRANSDUCER I/P 0 TO 5 AMPS, O/P 4 TO 20 MA",1,2973.6
374,TRANSFORMER,ETFR0008,CURRENT TRANSFORMER 300/5A,12,7533.12
375,FUEL,DIESEL,DIESEL,1820,172142.22
376,MS PLATE,MCON0336,FRONT END PLATE,1,0
377,ACID,HCLACID,HYDROCHLORIC ACID -32%,60,430.8
378,VALVE,MVAL0062,0.75 INCH STEAM GLOBE VALVE,7,52223.85
379,VALVE,MVAL0027,1 INCH GATE VALVE,5,3835
380,VALVE,MVAL0029,1.5 INCH GATE VALVE,4,5798.52
381,VALVE,MVAL0055,STEAM  VALVE 80NB IBR,1,10030
382,VALVE,MVAL0052,STRAINER 0.75 INCH SPIRAX,1,1888
383,VALVE,MVAL0053,THERMO DYNAMIC TRAP 15 MM SPIRAX,3,23098.5
384,CONSUMABLES,EACC0501,1-1/2 INCH SCREW,7200,0
385,CONSUMABLES,MSTR11327,"ADDON BLOCK (1NC + 1 NO) 3SB1400-0A,SIEMENS MAKE",8,573.14
386,CONSUMABLES,ELCON0392,AIR COMPRESSOR OIL 20LIT PART NO 1630207320,1,20189.63
387,CONSUMABLES,ELCON0081,AIR HOSE BLUE 8 MM JANATICS,10,571.71
388,CONSUMABLES,ELCON0402,AIR OIL SEPARATOR  B006700770003,1,18241.38
389,CONSUMABLES,ELCON0238,BEARING 23034 CC / W33,1,51330
390,CONSUMABLES,ELCON0266,BELT SPC 2360,6,5260.44
391,CONSUMABLES,ELCON0483,CAPACITOR 25KVAR CYLINDER  TYPE  HEAVY D UTY  440V -  L&T,4,11710.32
392,CONSUMABLES,ELCON0335,CAPACITOR CONTACTOR MPx50,1,2534.64
393,CONSUMABLES,EACON0691,CAT 6 CABLE,400,16864.56
394,CONSUMABLES,MSTR13690,CHANGEOVER SWITCH 63 AMP 4 POLE,2,8690.7
395,CONSUMABLES,ELCON0291,COMPRESSOR AIR FILTER PART NO 1622065800,6,0
396,CONSUMABLES,ELCON0290,COMPRESSOR OIL FILTER PART NO 2903062301,1,0
397,CONSUMABLES,ELCON0252,CONDUIT PIPE SEELING HOSE/EXTENSION,206,0
398,CONSUMABLES,ELCON0430,COOLANT - PART NO - 3167217,10,0
399,CONSUMABLES,ECON0049,COPPER SOCKET 120 SQ.MM,20,1298
400,CONSUMABLES,ELCON0293,CUMMINGS 4020551/4020522 AIR FILTER,3,0
401,CONSUMABLES,EACON0155,FILTER CLOTH,15,4368
402,CONSUMABLES,ELCON0294,FLEET GUARD 4072352 WATER FILTER,23,39773.44
403,CONSUMABLES,ELCON0066,GRILL COVER 24 INCH FRONT ALMONARD,8,2265.6
404,CONSUMABLES,ELC00079,HAND DRILL MACHINE WITH BIT SET,1,12508
405,CONSUMABLES,ELCON0262,I BOLT FOR LOAD CELL CODE 72205445 MAKE METLLER,4,0
406,CONSUMABLES,MSTR13792,INDUCTIVE PROXIMITY SENSOR SWITCH 24 V DC,2,1947
407,CONSUMABLES,ELCON0236,LED BULB 14 W,17,3864.74
408,CONSUMABLES,ELCON0366,LOCK WASHER DIA 100 MODEL 520/178 - HARD CASE,2,332.22
409,CONSUMABLES,ELCON0326,MAIN SWITCH 250A,1,21670.7
410,CONSUMABLES,ELCON0325,MAIN SWITCH 250A TYPE QSA 250 N(MAIN HRL),1,0
411,CONSUMABLES,EACON1228,MINT GREEN PAINT,12,3027.07
412,CONSUMABLES,ELCON0233,MIX CARD - RLY 149,2,0
413,CONSUMABLES,ELCON0385,MS SIEVE 3.0 MM DIA HOLE 3 MM THICK 1820x555 PERFORATION RADIATION PENDING EDGE TO EDGE 1600 MM (50 % OPENNING),1,3156.5
414,CONSUMABLES,ELCON0387,MS SIEVE 3.5 MM DIA HOLE 3 MM THICK 1820x555 PERFORATION RADIATION PENDING EDGE TO EDGE 1600 MM (50 % OPENNING),32,121112
415,CONSUMABLES,ELCON0159,NEEDLE PLATE SUPPORTER RC 61 SLNO 1 REVO,4,2007.04
416,CONSUMABLES,ELCON0251,OIL SEEL 52x40x7,16,0
417,CONSUMABLES,ELCON0250,OIL SEEL 80x55x8,11,435.49
418,CONSUMABLES,ELCON0391,PRESS ROLL SHELL MODEL - RK 1028 FLUTED,15,210000
419,CONSUMABLES,ELCON0364,PRESS ROLL SHELL MODEL - RK 314 FLUTED,14,142941.49
420,CONSUMABLES,ECON0020,PULLEY,3,15186.6
421,CONSUMABLES,ECON0090,REDUCER PVC 1 X 3/4 INCH,2,169.94
422,CONSUMABLES,ELCON0309,RELAY UNIT OLD MODEL 1AMPS TO 1.6 AMPS,1,0
423,CONSUMABLES,ELCON0253,SCRADER SEEL KIT FOR 1 INCH DIA PNUMATIC CYLINDER,9,0
424,CONSUMABLES,ELCON0254,SCRADER SEEL KIT FOR DOUBLE SOLINOID MODULER INCH -5/2 PART NO SC53024,7,0
425,CONSUMABLES,ELCON0260,SCRADER SEEL KIT FOR SINGLE SOLINOID 0.5 INCH / 0.75 INCH /1 INCH -5/2 PEPPET VALVE 0.75 INCH BASIC PART NO: SK 3458M,4,0
426,CONSUMABLES,ELCON0246,SEAL HOLDER FOR 1011 SHELL HMP 520/178,8,0
427,CONSUMABLES,ELCON0249,SEAL KIT FOR DIA 5 PNEUMATIC CYLINDER PART NO:SKC0510,2,0
428,CONSUMABLES,EACON0594,SMPS POWER SUPPLY INPUT 180 TO 240 VAC / 2.4 A OUTPUT 24V DC / 10A SIEMENS,2,5014.9
429,CONSUMABLES,ELCON0367,TAPPER COLLAR DIE 12 MT 3.0x45x45 THROUGHPUT 1:15 MODEL 580/197 - HARD CASE,1,180320
430,CONSUMABLES,ELCON0270,TIMING BELT XPA 1320,1,299.72
431,CONSUMABLES,ECON0086,WATER RESTISTANT BLACK COLOUR PAINT 4LIT CAN,12,3341.76
432,CABLE GLAND,ECGD0013,150 SQ. MM FT CABLE GLAND,10,2148.44
433,CABLE GLAND,ECGD0002,2.5 SQ MM FT CABLE GLAND,40,913.32
434,PANEL BOARD,MSTR08240,COOLING FAN MAKE CE SIZE 4 x 4 18W 2650 RPM 230V AC,2,590
435,PANEL BOARD,MSTR11439,"POWER CONTACTOR 3TF 57,COIL VOLTAGE 230V AC, MAKE - SIEMENS WITH ADDON BLOCK 2 NO + 2 NC",1,48087.36
436,ELECTRICAL,CMNELC001,LEGRAND 63A FP 100MA ELCB,2,7169.68
437,MINERALS,CRYSTALSALT,SALT - CRYSTAL,1660,8125.27
438,SLEEVE,MSLV0005,SIBCO SLEEVE H 309,2,172.28
439,SLEEVE,MSLV0006,SIBCO SLEEVE H 310,9,945.18
440,SLEEVE,MSLV0010,SIBCO SLEEVE H 313,1,153.4
441,SLEEVE,MSLV0011,SIBCO SLEEVE H 3130,2,0
442,SLEEVE,MSLV0012,SIBCO SLEEVE H 315,4,934.56
443,SLEEVE,MSLV0013,SIBCO SLEEVE H 316,6,7056.4
444,SLEEVE,MSLV0014,SIBCO SLEEVE H 318,2,660
445,SLEEVE,MSLV0016,SIBCO SLEEVE H 322,5,2896.9
446,LUBRICANTS,MACON1124,320 OMALA OIL,210,38736.01
447,PAINT,ENAP-ALU,ALUMINIUM PAINT,4,1189.44
448,PAINT,ENAP-OXB,ENAMEL OXFORD BLUE,1,226.56
449,CREMACH SPARES,MCRE0007,CR BEARING FOR PRESS ROLL ASSEMBLY 32220,13,133504.34
450,CREMACH SPARES,MCRE0044,CR-PELLET MILL CUTTING KNIFE,4,3644.43
451,CONSUMABLES,GENCON0021,EXT WEAR RING DPBS 520x178 FRONT COVER FOR DIE PN.DFPA 40011-010 BH,1,20944
452,CONSUMABLES,LOADCELL,LOAD CELL,4,2124
453,CONSUMABLES,GENCON0823,STRETCHER - FLEXIBLE FOLDABLE,1,4130
454,CONSUMABLES,MASK,FACE MASK,3900,3890.25
455,CONSUMABLES,HDCAPBLUE,HEAD CAP BLUE,8100,6923.03
456,CONSUMABLES,SAFETYBELT,SAFETY BELT,3,3591
457,SPROUT MATATOR,MSTR08128,"FIX CUTTER  -PART NO - RC 571, MAKE  -  REVO",4,1249.92
458,SPROUT MATATOR,MSTR08002,HAMMER MILL BEATERS 200 * 50 * 6,486,57470.22
459,SPROUT MATATOR,MSTR08125,"LOOPER HOLDER BRACKET (RC-8D)-PART NO - RC 728, MAKE  -  REVO",2,1370.88
460,SPROUT MATATOR,MSTR08122,"NEEDLE HOLDER ( MODEL RC-8D)-PART NO - RC 639, MAKE  -  REVO",6,3111.36
461,SPROUT MATATOR,MSTR08119,"NEEDLE PLATE ( MODEL RC-8D) -PART NO - RC 643, MAKE  -  REVO",10,4076.8
462,SPROUT MATATOR,MSTR08126,"SCREW FOR LOPPER HOLDER BRACKET -PART NO - RC 729, MAKE  -  REVO",10,288.96
463,SPROUT MATATOR,MSTR08120,"SCREW FOR NEEDLE PLATE -PART NO - RC 66, MAKE  -  REVO",60,1451.52
464,EQUIPMENT AND SPARES,HANSCLE150,HANGING SCALE 150 KG HAX S,2,1888
465,STRUCTURALS,MSTR0002,MS SHAFT EN 8,2,8400
466,OIL SEAL,MOSL0024,OIL SEAL 50 * 72 * 8,13,0
467,LIGHTINGS,ELIG0054,1.5 SQ. MM FLEXIBLE COPPER WIRE (VARIOUS COLOUR),7,11060.14
468,LIGHTINGS,MSTR08210,BULB CFL 23 W YELLOW,8,0
469,LIGHTINGS,ELIG0081,LED TUBE LIGHT 18W BULB,3,1125.6
470,LIGHTINGS,ELIG0091,LED TUBE LIGHT FITTING,12,4035.6
471,LIGHTINGS,ELIG0073,STREET LIGHT FITTING 250 W CAT NO SGP401,1,0
472,BOLT NUT AND WASHER,MBNW0126,1/2 X 2 INCH MS BOLT AND NUT,55,1067.61
473,BOLT NUT AND WASHER,MBNW0220,HEX NUT M10 WITH PLATING,694,1042.65
474,BOLT NUT AND WASHER,MBNW0219,HEX NUT M6 WITH PLATING,448,444.06
475,BOLT NUT AND WASHER,MBNW0028,M 10 SPRING WASHER,152,159.22
476,BOLT NUT AND WASHER,MBNW0036,M 10 X 40 HEX BOLT FULL THREAD,47,415.29
477,BOLT NUT AND WASHER,MBNW0038,M 10 X 50 HEX BOLT HALF THREAD,39,300.97
478,BOLT NUT AND WASHER,MBNW0041,M 10 X80 HE* BOLT FULL THREAD,99,2566.99
479,BOLT NUT AND WASHER,MBNW0055,M 12 X 50 HE * BOLT FULL THREAD,9,135.62
480,BOLT NUT AND WASHER,MBNW0168,M 14 HEX NUT,15,109.04
481,BOLT NUT AND WASHER,MBNW0064,M 16 SPRING WASHER,37,110.14
482,BOLT NUT AND WASHER,MBNW0077,M 20 SPRING WASHER,36,152.49
483,BOLT NUT AND WASHER,MBNW0080,M 20 X 140 FULL THREAD HE X BOLT,2,183.06
484,BOLT NUT AND WASHER,MBNW0083,M 20X 50 HEX BOLT FULL THREAD,87,5439.02
485,BOLT NUT AND WASHER,MBNW0100,M 30 X 50 HEX BOLT FULL THREAD,50,371.7
486,BOLT NUT AND WASHER,MSTR11130,M6X15 CSK BOLT,437,2004.87
487,BOLT NUT AND WASHER,MSTR11129,M8X30 CSK BOLT,55,745.39
488,BOLT NUT AND WASHER,MBNW0204,MS BOLT & NUT,10,5133
489,XLPE CABLE,PRJMHC0227,24C x 1.5 SQ.MM XLPE CU. AR. CABLE,50,20119
490,FUSE UNITS,EFSU0007,FUSE CARRIER SET 100 A,7,2374.75
491,FUSE UNITS,EFSU0020,HRC FUSE 63 A,30,6726
492,FUSE UNITS,EFSU0022,HRC FUSE LINK 125 A SIEMENS,5,0
493,FUSE UNITS,EFSU0001,HRC FUSE LINK 250 A SIEMENS,4,2563.67
494,GENERAL,EACON7056,"MPCB  14 TO 20 AMPS ,MODEL - 3RV1121-1H3RV1121-4BA10 ,WITH ADDON BLOCK MODEL - 3RV1901-1A,WITH AUXILLARY CONTACT 1NO + 1NC,MAKE-SIEMENS",1,921.34
495,GENERAL,EACON7055,"SOLENOID VALVE , MODEL :  DS255SR61 ,MAKE-JANATICS",8,10394
496,OIL,RELSTAR15W40,PREMIUM ENGINE OIL RELSTAR NOVA ULTRA 15W40 RELIANCE MAKE CI 4 PLUS GRADE,125,21355.2
